{
  "feature_names": [
    "goals_per90",
    "assists_per90",
    "ga_per90",
    "cards_per90",
    "minutes_played_log",
    "appearances_log",
    "age",
    "height_in_cm",
    "market_value_log",
    "international_caps_log",
    "fc_pace",
    "fc_shooting",
    "fc_passing",
    "fc_dribbling",
    "fc_defending",
    "fc_physic"
  ],
  "k": 4,
  "scaler_mean": [
    0.055199024443343535,
    0.04137803190245907,
    0.09847084880448562,
    0.1087934683590994,
    4.154251225102494,
    1.8926238642380342,
    28.877969015324627,
    182.01909813211464,
    8.33642721321912,
    0.6472914638616967,
    69.32478354751473,
    53.96192951929729,
    58.327592712941026,
    64.15993375400934,
    53.21433512924257,
    65.78707993543112
  ],
  "scaler_scale": [
    0.11803954763041762,
    0.08242676427661168,
    0.1782097029463154,
    0.16357186939039434,
    3.734592539641347,
    1.9020418975723972,
    6.823387606467008,
    7.188614812522948,
    6.108250185289398,
    1.1111274471784818,
    6.141764815127764,
    10.823977290834844,
    6.175041043904595,
    5.459024157053514,
    14.079190834340267,
    5.636571873278625
  ],
  "centroids": [
    [
      -0.4573925407275715,
      -0.49150304995043875,
      -0.5409200817995214,
      -0.5968829947242739,
      -0.765392456361777,
      -0.7538244693027222,
      -0.415834568435474,
      -0.4624908573352602,
      -0.5163211558928649,
      -0.03605893405344924,
      0.33669755268370083,
      0.6872484846025977,
      0.48328070761183034,
      0.5175211332426609,
      -0.5162367741483501,
      -0.3693000499362258
    ],
    [
      1.6288817204625818,
      1.4885714101483714,
      1.8147554690823202,
      0.5415916079621774,
      0.935032430001284,
      0.9866940353210407,
      0.30562202028907126,
      -0.24921316932663382,
      0.6640487025079079,
      0.2754952356295522,
      0.6872055928024176,
      0.9830029918747581,
      0.6088223395529588,
      0.841876853117368,
      -0.8359493117793347,
      -0.25050557271104434
    ],
    [
      -0.4561382713486031,
      -0.4916216645323623,
      -0.5399078175347586,
      -0.6245794720255502,
      -0.8608810216997216,
      -0.8510534424455467,
      -0.44855330550194666,
      0.40946779921016985,
      -0.6186341338949526,
      -0.10402306023905847,
      -0.4081505955185564,
      -0.8914130102853088,
      -0.8997300044126172,
      -0.8854760078334223,
      0.40966194819164564,
      0.05578057207116671
    ],
    [
      -0.16584886474306496,
      -0.007429692292047211,
      -0.1234852369095656,
      0.8367260675062044,
      0.9751516316395599,
      0.9209154914334287,
      0.6422563092672838,
      0.21954253145586985,
      0.6728276681211114,
      -0.0426008920945797,
      -0.3809352205619841,
      -0.4497747113250188,
      0.00019001963678360543,
      -0.19788941056279738,
      0.651630663749651,
      0.47013413341409066
    ]
  ],
  "archetypes": {
    "0": "Fringe / limited minutes",
    "1": "Goalscorer / Poacher",
    "2": "Young prospect",
    "3": "High-minutes regular"
  }
}