{
  "feature_names": [
    "goals_per90",
    "assists_per90",
    "ga_per90",
    "cards_per90",
    "minutes_played_log",
    "appearances_log",
    "age",
    "height_in_cm",
    "market_value_log",
    "international_caps_log",
    "fc_pace",
    "fc_shooting",
    "fc_passing",
    "fc_dribbling",
    "fc_defending",
    "fc_physic"
  ],
  "k": 4,
  "scaler_mean": [
    0.055199024443343535,
    0.04137803190245907,
    0.09847084880448562,
    0.1087934683590994,
    4.154251225102494,
    1.8926238642380342,
    28.88102974780403,
    182.01909813211464,
    8.33642721321912,
    0.6472914638616967,
    69.32478354751473,
    53.96192951929729,
    58.327592712941026,
    64.15993375400934,
    53.21433512924257,
    65.78707993543112
  ],
  "scaler_scale": [
    0.11803954763041762,
    0.08242676427661168,
    0.1782097029463154,
    0.16357186939039434,
    3.734592539641347,
    1.9020418975723972,
    6.823472381919829,
    7.188614812522948,
    6.108250185289398,
    1.1111274471784818,
    6.141764815127764,
    10.823977290834844,
    6.175041043904595,
    5.459024157053514,
    14.079190834340267,
    5.636571873278625
  ],
  "centroids": [
    [
      -0.4577283084962867,
      -0.49155267106501,
      -0.541165433105996,
      -0.597172553513321,
      -0.7660954097197097,
      -0.7544324246057917,
      -0.41603769270061697,
      -0.46288062912643185,
      -0.5165694333716779,
      -0.03603862917371021,
      0.3367744323727544,
      0.6874630316181523,
      0.4831748166247729,
      0.5175617040698498,
      -0.5164575534921461,
      -0.3694003849524355
    ],
    [
      1.6379911700544552,
      1.49016381011808,
      1.8215908969504158,
      0.5389354385397166,
      0.9344149429339348,
      0.9860300976842562,
      0.3034653033289804,
      -0.2483836410204882,
      0.6634472839532566,
      0.2749136180761988,
      0.6937556206765666,
      0.986735279669636,
      0.606076416176353,
      0.8428665378696408,
      -0.8456537101228527,
      -0.2547495013882675
    ],
    [
      -0.45624709588113505,
      -0.4913656830509018,
      -0.5398618138622178,
      -0.6233048666088141,
      -0.8588779317929408,
      -0.8495223298295785,
      -0.44835521564734837,
      0.409745840409477,
      -0.6175569579521235,
      -0.10400705802135508,
      -0.40936807819597326,
      -0.8918187345323393,
      -0.8998830236854638,
      -0.8863978306919048,
      0.40992391148924834,
      0.05653131413832952
    ],
    [
      -0.16284074193410777,
      -0.0014762615962163525,
      -0.11851733863301968,
      0.8371350225430305,
      0.975418720610667,
      0.9220158324486533,
      0.6428599048778653,
      0.21632889409698516,
      0.673311472709797,
      -0.040726578717612635,
      -0.3786791737655353,
      -0.4441827300012583,
      0.006418804853303619,
      -0.19161354900820918,
      0.650606855492306,
      0.4689537058330782
    ]
  ],
  "archetypes": {
    "0": "Fringe / limited minutes",
    "1": "Goalscorer / Poacher",
    "2": "Young prospect",
    "3": "High-minutes regular"
  }
}